{
    "uvs":[],
    "normals":[-1,0,0,0,-9.93411e-08,-1,1,0,0,0,4.96705e-08,1,0,-1,0,0,1,0],
    "faces":[35,0,1,3,2,0,0,0,0,0,35,2,3,7,6,0,1,1,1,1,35,6,7,5,4,0,2,2,2,2,35,1,0,4,5,0,3,3,3,3,35,4,0,2,6,0,4,4,4,4,35,7,3,1,5,0,5,5,5,5],
    "vertices":[-7.9,-9.6,2.99287,-7.9,0,2.99287,-7.9,-9.6,-4.80713,-7.9,0,-4.80713,7.9,-9.6,2.99287,7.9,0,2.99287,7.9,-9.6,-4.80713,7.9,0,-4.80713],
    "metadata":{
        "normals":6,
        "faces":6,
        "vertices":8,
        "version":3,
        "materials":1,
        "uvs":0,
        "generator":"io_three",
        "type":"Geometry"
    },
    "materials":[{
        "colorSpecular":[0.5,0.5,0.5],
        "opacity":0.7,
        "doubleSided":false,
        "depthTest":true,
        "specularCoef":50,
        "visible":true,
        "wireframe":false,
        "blending":"NormalBlending",
        "transparent":true,
        "depthWrite":true,
        "DbgIndex":0,
        "DbgName":"Material.009",
        "shading":"phong",
        "DbgColor":15658734,
        "colorEmissive":[0,0,0],
        "colorDiffuse":[0.035167,0.170397,0.64]
    }]
}